<?xml version="1.0" encoding="UTF-8" standalone="yes"?>
<addon id="repository.utv" 
	name="Ultimatum-TV's Repository" 
	version="2017" 
	provider-name="Steindenaer by Ultimatum.TV">
	<extension point="xbmc.addon.repository"
		 name="Ultimatum-TV's Repository">
			<info compressed="false">http://repository.ultimatum.tv/master/addons/Ultimatum-addons.xml</info>
			<checksum>http://repository.ultimatum.tv/master/addons/Ultimatum-addons.xml.md5</checksum>
			<datadir zip="true">http://repository.ultimatum.tv/master/zips/</datadir>
		</extension>
	<extension point="xbmc.addon.metadata">
		<summary lang="en">Ultimatum-TV's Repository</summary>
		<summary lang="nl">Ultimatum-TV's Repository</summary>
		<description lang="en">This is my repository. I can and will do whatever I want with it. Some stuff in here can and will overwrite allready installed addons. If you do not want that, do not install this repo!</description>
		<description lang="nl">Dit is mijn depot. Ik kan hiermee doen en laten wat ik wil. Sommige dingen in dit depot kunnen en zullen reeds geinstalleerde addons overschrijven. Als je dat niet wil, installeer dit depot dan niet!</description>
		<disclaimer lang="en">Ultimatum-TV did not make all the add-ons in this repository and is in no way responsible for their content.</disclaimer>
		<disclaimer lang="nl">Ultimatum-TV heeft niet alle add-ons in dit depot gemaakt en is ook op geen enkele manier verantwoordelijk voor hun inhoud.</disclaimer>
		<platform>all</platform>
		<website>https://www.ultimatum.tv</website>
		<source>http://install.ultimatum.tv</source>
		<email>kodi@ultimatum.tv</email>
	</extension>
</addon>